Employee_ID,Name,Department_ID,Salary,Experience_Years,City
E001,Rajesh Kumar,D01,75000,5,Mumbai
E002,Priya Sharma,D02,65000,7,Delhi
E003,Amit Patel,D03,95000,15,Bangalore
E004,Sneha Singh,D01,68000,3,Chennai
E005,Vikram Reddy,D04,82000,10,Hyderabad
E006,Anjali Gupta,D05,72000,6,Pune
E007,Rohan Mehta,D03,88000,12,Mumbai
E008,Neha Verma,D01,71000,4,Delhi
E009,Karan Joshi,D04,79000,8,Bangalore
E010,Pooja Nair,D02,58000,2,Chennai
E011,Arjun Das,D01,92000,18,Mumbai
E012,Divya Shah,D03,91000,9,Hyderabad
E013,Manish Rao,D05,76000,5,Pune
E014,Ritika Bansal,D01,69000,3,Delhi
E015,Sanjay Desai,D04,85000,11,Mumbai
E016,Kavya Iyer,D02,67000,6,Bangalore
E017,Aditya Chopra,D01,74000,5,Chennai
E018,Simran Kaur,D03,89000,10,Hyderabad
E019,Meera Pillai,D05,64000,3,Pune
E020,Harsh Agarwal,D04,92000,14,Delhi
E021,Tanvi Jain,D01,76000,7,Mumbai
E022,Varun Malhotra,D03,93000,13,Bangalore
E023,Riya Kapoor,D02,62000,4,Chennai
E024,Nikhil Sharma,D05,78000,8,Hyderabad
E025,Tanya Mehta,D01,73000,5,Pune
E026,Gaurav Singh,D04,87000,16,Delhi
E027,Ishita Reddy,D03,70000,2,Mumbai
E028,Rohit Verma,D01,77000,9,Bangalore
E029,Shruti Desai,D02,66000,5,Chennai
E030,Akash Patel,D05,81000,10,Hyderabad
E031,Nisha Gupta,D01,72000,6,Pune
E032,Vishal Kumar,D04,86000,12,Mumbai
E033,Deepika Shah,D03,83000,7,Delhi
E034,Ankit Nair,D02,60000,3,Bangalore
E035,Swati Rao,D01,75000,5,Chennai
E036,Rahul Iyer,D05,80000,9,Hyderabad
E037,Priyanka Das,D04,84000,11,Pune
E038,Karthik Chopra,D01,78000,6,Mumbai
E039,Anjana Kaur,D03,90000,14,Delhi
E040,Siddharth Pillai,D02,63000,4,Bangalore
E041,Megha Agarwal,D05,77000,7,Chennai
E042,Vivek Malhotra,D01,76000,5,Hyderabad
E043,Sakshi Kapoor,D04,88000,13,Pune
E044,Abhishek Sharma,D03,94000,15,Mumbai
E045,Ritu Jain,D02,61000,3,Delhi
E046,Manoj Singh,D01,79000,8,Bangalore
E047,Shweta Reddy,D05,82000,10,Chennai
E048,Prakash Verma,D04,85000,12,Hyderabad
E049,Asha Desai,D03,87000,9,Pune
E050,Dev Patel,D01,74000,6,Mumbai
E051,Lakshmi Gupta,D99,70000,4,Delhi
E052,Mohan Kumar,D99,65000,2,Bangalore
E053,Sunita Shah,D88,68000,5,Chennai
