Department_ID,Department_Name,Department_Budget,Manager_Name
D01,Information Technology,5000000,Rajiv Malhotra
D02,Human Resources,1500000,Sunita Deshmukh
D03,Finance,3500000,Anil Kapoor
D04,Sales & Marketing,2800000,Priya Nambiar
D05,Operations,2200000,Vikram Sethi
D06,Research & Development,4000000,Meena Krishnan
D07,Customer Service,1200000,Ramesh Patel
